timestamp,open,high,low,close,volume
,GC=F,GC=F,GC=F,GC=F,GC=F
2025-12-01T05:00:00Z,4280.5,4281.2998046875,4220.2998046875,4263.5,0
2025-12-01T06:00:00Z,4263.60009765625,4273.89990234375,4259.60009765625,4269.89990234375,6513
2025-12-01T07:00:00Z,4270.2001953125,4280.0,4239.39990234375,4278.89990234375,5680
2025-12-01T08:00:00Z,4278.7001953125,4288.7998046875,4245.7998046875,4279.2001953125,7973
2025-12-01T09:00:00Z,4279.2998046875,4287.0,4277.7998046875,4284.2998046875,6043
2025-12-01T10:00:00Z,4284.2998046875,4297.7998046875,4250.89990234375,4290.7001953125,9860
2025-12-01T11:00:00Z,4290.7998046875,4294.0,4252.2001953125,4290.0,4244
2025-12-01T12:00:00Z,4289.7001953125,4292.10009765625,4252.2001953125,4280.7998046875,6645
2025-12-01T13:00:00Z,4280.60009765625,4299.60009765625,4250.2001953125,4281.7001953125,13160
2025-12-01T14:00:00Z,4281.7001953125,4283.7001953125,4225.60009765625,4273.2001953125,24801
2025-12-01T15:00:00Z,4274.10009765625,4279.0,4219.2998046875,4265.2001953125,23520
2025-12-01T16:00:00Z,4265.39990234375,4275.7001953125,4223.60009765625,4258.89990234375,16612
2025-12-01T17:00:00Z,4259.10009765625,4273.2001953125,4222.89990234375,4265.2001953125,10338
2025-12-01T18:00:00Z,4265.5,4278.7998046875,4230.39990234375,4274.2001953125,9476
2025-12-01T19:00:00Z,4274.2998046875,4278.0,4239.2998046875,4270.7998046875,5532
2025-12-01T20:00:00Z,4270.89990234375,4276.0,4237.10009765625,4270.7998046875,5001
2025-12-01T21:00:00Z,4270.7998046875,4274.10009765625,4236.0,4265.0,1818
2025-12-01T23:00:00Z,4265.2998046875,4269.2001953125,4230.5,4260.10009765625,0
2025-12-02T00:00:00Z,4260.39990234375,4262.89990234375,4254.39990234375,4259.60009765625,3976
2025-12-02T01:00:00Z,4259.7001953125,4260.0,4199.7001953125,4251.10009765625,16108
2025-12-02T02:00:00Z,4250.7998046875,4255.89990234375,4220.39990234375,4253.0,5094
2025-12-02T03:00:00Z,4252.89990234375,4257.39990234375,4219.2001953125,4247.7001953125,5349
2025-12-02T04:00:00Z,4247.89990234375,4251.89990234375,4244.39990234375,4249.10009765625,4248
2025-12-02T05:00:00Z,4249.7001953125,4256.89990234375,4246.39990234375,4256.5,4954
2025-12-02T06:00:00Z,4256.2998046875,4258.10009765625,4234.39990234375,4244.0,8176
2025-12-02T07:00:00Z,4244.0,4251.2998046875,4240.60009765625,4244.5,4636
2025-12-02T08:00:00Z,4244.7001953125,4248.89990234375,4209.2998046875,4241.39990234375,4981
2025-12-02T09:00:00Z,4241.2001953125,4244.39990234375,4188.7001953125,4222.89990234375,12851
2025-12-02T10:00:00Z,4222.89990234375,4223.5,4183.7001953125,4216.39990234375,6922
2025-12-02T11:00:00Z,4216.2001953125,4236.60009765625,4182.10009765625,4236.0,7085
2025-12-02T12:00:00Z,4236.10009765625,4240.5,4200.89990234375,4239.7998046875,5780
2025-12-02T13:00:00Z,4239.7998046875,4246.60009765625,4206.10009765625,4243.2001953125,10418
2025-12-02T14:00:00Z,4243.10009765625,4262.2001953125,4210.2001953125,4251.10009765625,22189
2025-12-02T15:00:00Z,4250.7998046875,4252.0,4181.5,4200.7998046875,36440
2025-12-02T16:00:00Z,4200.89990234375,4221.0,4167.0,4215.7001953125,17242
2025-12-02T17:00:00Z,4215.2998046875,4228.2001953125,4187.7001953125,4225.0,9670
2025-12-02T18:00:00Z,4224.7001953125,4227.7998046875,4214.0,4222.2998046875,9302
2025-12-02T19:00:00Z,4222.2998046875,4232.0,4192.5,4227.60009765625,6425
2025-12-02T20:00:00Z,4227.60009765625,4244.10009765625,4195.39990234375,4241.60009765625,5970
2025-12-02T21:00:00Z,4241.60009765625,4243.39990234375,4206.89990234375,4238.7001953125,0
2025-12-02T23:00:00Z,4241.60009765625,4248.0,4234.10009765625,4244.0,3026
2025-12-03T00:00:00Z,4244.10009765625,4244.39990234375,4235.7998046875,4243.0,3495
2025-12-03T01:00:00Z,4243.2001953125,4252.60009765625,4215.7001953125,4245.2998046875,6487
2025-12-03T02:00:00Z,4245.39990234375,4260.10009765625,4215.89990234375,4258.10009765625,5242
2025-12-03T03:00:00Z,4258.10009765625,4259.0,4251.2998046875,4252.39990234375,2934
2025-12-03T04:00:00Z,4252.5,4256.2998046875,4248.5,4252.60009765625,2604
2025-12-03T05:00:00Z,4253.5,4254.7998046875,4233.60009765625,4238.2998046875,7349
2025-12-03T06:00:00Z,4238.7998046875,4243.2001953125,4235.5,4238.89990234375,3811
2025-12-03T07:00:00Z,4239.10009765625,4241.0,4231.10009765625,4236.10009765625,6515
2025-12-03T08:00:00Z,4236.5,4241.2998046875,4202.89990234375,4236.60009765625,6094
2025-12-03T09:00:00Z,4236.89990234375,4237.7998046875,4198.89990234375,4233.0,5781
2025-12-03T10:00:00Z,4232.89990234375,4235.7998046875,4225.10009765625,4230.7001953125,7394
2025-12-03T11:00:00Z,4231.0,4239.60009765625,4195.7001953125,4239.0,4831
2025-12-03T12:00:00Z,4239.10009765625,4245.0,4235.2001953125,4244.5,4538
2025-12-03T13:00:00Z,4244.5,4270.10009765625,4233.10009765625,4268.7001953125,17110
2025-12-03T14:00:00Z,4268.7001953125,4273.2998046875,4221.7001953125,4244.5,25729
2025-12-03T15:00:00Z,4243.89990234375,4261.5,4209.0,4247.7998046875,13973
2025-12-03T16:00:00Z,4247.60009765625,4256.89990234375,4226.60009765625,4231.89990234375,13377
2025-12-03T17:00:00Z,4231.60009765625,4246.89990234375,4210.2998046875,4242.7998046875,8247
2025-12-03T18:00:00Z,4243.0,4243.2998046875,4199.2001953125,4228.0,10790
2025-12-03T19:00:00Z,4228.39990234375,4241.7001953125,4228.0,4239.39990234375,4621
2025-12-03T20:00:00Z,4239.2998046875,4244.5,4234.7001953125,4237.2001953125,3717
2025-12-03T21:00:00Z,4237.39990234375,4241.39990234375,4232.5,4232.5,1946
2025-12-03T23:00:00Z,4234.5,4239.0,4232.2998046875,4237.0,0
2025-12-04T00:00:00Z,4237.10009765625,4245.60009765625,4234.10009765625,4241.2998046875,3037
2025-12-04T01:00:00Z,4241.2001953125,4246.89990234375,4211.0,4238.5,6688
2025-12-04T02:00:00Z,4238.0,4238.0,4227.89990234375,4229.7998046875,4560
2025-12-04T03:00:00Z,4229.2998046875,4230.7001953125,4216.10009765625,4224.39990234375,6364
2025-12-04T04:00:00Z,4224.39990234375,4227.7998046875,4221.5,4224.7001953125,2581
2025-12-04T05:00:00Z,4225.60009765625,4227.60009765625,4175.0,4210.2998046875,8340
2025-12-04T06:00:00Z,4210.2998046875,4219.39990234375,4181.2998046875,4219.10009765625,5809
2025-12-04T07:00:00Z,4219.2001953125,4224.0,4184.10009765625,4222.89990234375,5717
2025-12-04T08:00:00Z,4222.7001953125,4225.7001953125,4188.89990234375,4213.89990234375,6010
2025-12-04T09:00:00Z,4213.7001953125,4231.7998046875,4184.2998046875,4229.5,7205
2025-12-04T10:00:00Z,4229.7998046875,4232.2998046875,4226.39990234375,4227.10009765625,5380
2025-12-04T11:00:00Z,4227.2998046875,4236.39990234375,4200.2001953125,4228.2001953125,4641
2025-12-04T12:00:00Z,4228.39990234375,4231.60009765625,4191.89990234375,4219.89990234375,5231
2025-12-04T13:00:00Z,4219.89990234375,4228.2998046875,4214.7998046875,4227.89990234375,10642
2025-12-04T14:00:00Z,4228.39990234375,4244.0,4203.2001953125,4231.10009765625,17367
2025-12-04T15:00:00Z,4231.2001953125,4240.60009765625,4203.5,4237.60009765625,12570
2025-12-04T16:00:00Z,4237.7998046875,4251.10009765625,4210.89990234375,4245.89990234375,15613
2025-12-04T17:00:00Z,4246.2001953125,4248.10009765625,4239.0,4246.60009765625,6422
2025-12-04T18:00:00Z,4246.7998046875,4247.7998046875,4237.60009765625,4238.5,9423
2025-12-04T19:00:00Z,4238.5,4240.89990234375,4202.0,4239.7001953125,5802
2025-12-04T20:00:00Z,4239.2998046875,4240.7001953125,4235.89990234375,4240.2001953125,3062
2025-12-04T21:00:00Z,4240.2001953125,4240.89990234375,4207.0,4237.89990234375,1123
2025-12-04T23:00:00Z,4239.5,4240.2001953125,4233.7001953125,4236.2001953125,0
2025-12-05T00:00:00Z,4236.2001953125,4240.60009765625,4231.0,4231.7001953125,3126
2025-12-05T01:00:00Z,4231.7001953125,4234.7001953125,4224.60009765625,4232.89990234375,6546
2025-12-05T02:00:00Z,4232.89990234375,4237.89990234375,4226.0,4237.0,4700
2025-12-05T03:00:00Z,4237.0,4240.39990234375,4204.10009765625,4238.89990234375,4082
2025-12-05T04:00:00Z,4238.5,4247.0,4237.10009765625,4246.0,4070
2025-12-05T05:00:00Z,4246.39990234375,4252.0,4243.60009765625,4250.7001953125,6199
2025-12-05T06:00:00Z,4250.60009765625,4259.5,4248.89990234375,4254.39990234375,7490
2025-12-05T07:00:00Z,4254.7998046875,4261.10009765625,4252.5,4254.2998046875,3749
2025-12-05T08:00:00Z,4254.60009765625,4257.10009765625,4250.5,4250.7001953125,4253
2025-12-05T09:00:00Z,4250.5,4255.2001953125,4245.7998046875,4253.5,4380
2025-12-05T10:00:00Z,4253.2998046875,4257.7001953125,4252.39990234375,4252.89990234375,2389
2025-12-05T11:00:00Z,4252.7998046875,4255.7001953125,4250.0,4253.5,2632
2025-12-05T12:00:00Z,4253.60009765625,4260.0,4252.7998046875,4259.0,5288
2025-12-05T13:00:00Z,4259.0,4269.60009765625,4251.39990234375,4264.89990234375,14090
2025-12-05T14:00:00Z,4264.7001953125,4277.0,4258.5,4272.2998046875,16244
2025-12-05T15:00:00Z,4272.2998046875,4290.5,4245.5,4274.89990234375,25571
2025-12-05T16:00:00Z,4275.0,4276.89990234375,4207.39990234375,4244.10009765625,38802
2025-12-05T17:00:00Z,4244.0,4251.0,4236.0,4248.39990234375,10239
2025-12-05T18:00:00Z,4248.2001953125,4250.2998046875,4236.89990234375,4239.2998046875,9449
2025-12-05T19:00:00Z,4239.2998046875,4241.10009765625,4205.10009765625,4237.2998046875,4787
2025-12-05T20:00:00Z,4237.60009765625,4237.60009765625,4229.0,4231.60009765625,5054
2025-12-05T21:00:00Z,4231.39990234375,4231.7001953125,4194.5,4227.7001953125,3823
2025-12-07T23:00:00Z,4228.10009765625,4236.5,4224.5,4230.60009765625,3767
2025-12-08T00:00:00Z,4231.2001953125,4241.2998046875,4228.5,4240.2001953125,3031
2025-12-08T01:00:00Z,4240.39990234375,4241.2998046875,4205.39990234375,4230.2001953125,6135
2025-12-08T02:00:00Z,4229.60009765625,4241.2001953125,4204.7998046875,4236.89990234375,4612
2025-12-08T03:00:00Z,4237.2998046875,4241.7998046875,4235.10009765625,4238.7001953125,2865
2025-12-08T04:00:00Z,4238.7998046875,4241.89990234375,4235.2998046875,4236.2998046875,1664
2025-12-08T05:00:00Z,4237.0,4246.7998046875,4233.2001953125,4246.2998046875,4313
2025-12-08T06:00:00Z,4246.60009765625,4247.89990234375,4215.39990234375,4245.39990234375,3129
2025-12-08T07:00:00Z,4245.39990234375,4245.7998046875,4208.5,4235.7001953125,3822
2025-12-08T08:00:00Z,4235.7998046875,4246.0,4208.89990234375,4239.2001953125,5280
2025-12-08T09:00:00Z,4238.89990234375,4242.0,4232.5,4237.39990234375,4425
2025-12-08T10:00:00Z,4237.2001953125,4239.89990234375,4203.7998046875,4232.89990234375,3720
2025-12-08T11:00:00Z,4233.0,4243.60009765625,4203.39990234375,4237.7001953125,4958
2025-12-08T12:00:00Z,4237.60009765625,4245.10009765625,4210.2998046875,4243.2998046875,3606
2025-12-08T13:00:00Z,4243.2998046875,4244.39990234375,4202.5,4230.89990234375,9904
2025-12-08T14:00:00Z,4230.89990234375,4240.7998046875,4195.2998046875,4225.7998046875,16959
2025-12-08T15:00:00Z,4225.2998046875,4225.7998046875,4204.0,4211.7998046875,23192
2025-12-08T16:00:00Z,4211.5,4227.0,4205.39990234375,4220.7001953125,12442
2025-12-08T17:00:00Z,4220.7998046875,4224.7998046875,4214.2998046875,4224.2001953125,6125
2025-12-08T18:00:00Z,4224.2998046875,4225.0,4213.2998046875,4216.10009765625,8936
2025-12-08T19:00:00Z,4216.0,4218.2001953125,4213.0,4216.10009765625,4481
2025-12-08T20:00:00Z,4216.2001953125,4224.7998046875,4214.0,4221.10009765625,4461
2025-12-08T21:00:00Z,4221.2001953125,4222.7001953125,4217.89990234375,4219.89990234375,1228
2025-12-08T23:00:00Z,4219.60009765625,4224.5,4217.89990234375,4223.7998046875,0
2025-12-09T00:00:00Z,4223.7998046875,4224.89990234375,4219.2001953125,4219.60009765625,3139
2025-12-09T01:00:00Z,4219.5,4226.5,4217.7001953125,4225.10009765625,3822
2025-12-09T02:00:00Z,4225.0,4226.10009765625,4214.39990234375,4218.7001953125,4748
2025-12-09T03:00:00Z,4218.7001953125,4227.60009765625,4218.60009765625,4223.7998046875,5414
2025-12-09T04:00:00Z,4223.7001953125,4224.7001953125,4213.60009765625,4216.60009765625,4943
2025-12-09T05:00:00Z,4215.89990234375,4216.5,4206.39990234375,4208.2001953125,6027
2025-12-09T06:00:00Z,4208.10009765625,4212.0,4197.7998046875,4209.7998046875,9704
2025-12-09T07:00:00Z,4209.7998046875,4213.60009765625,4203.2001953125,4209.7001953125,6656
2025-12-09T08:00:00Z,4209.89990234375,4220.2998046875,4209.89990234375,4220.2998046875,7717
2025-12-09T09:00:00Z,4220.10009765625,4242.2998046875,4219.39990234375,4232.2001953125,14829
2025-12-09T10:00:00Z,4232.39990234375,4237.2998046875,4230.39990234375,4233.2001953125,3983
2025-12-09T11:00:00Z,4233.2001953125,4235.7998046875,4230.2998046875,4232.10009765625,2515
2025-12-09T12:00:00Z,4232.39990234375,4237.0,4227.60009765625,4233.39990234375,3756
2025-12-09T13:00:00Z,4233.60009765625,4238.0,4223.7998046875,4230.39990234375,10688
2025-12-09T14:00:00Z,4230.60009765625,4240.0,4218.0,4233.89990234375,18576
2025-12-09T15:00:00Z,4233.7998046875,4246.0,4218.39990234375,4242.0,21325
2025-12-09T16:00:00Z,4242.2998046875,4251.7001953125,4239.2998046875,4242.10009765625,17712
2025-12-09T17:00:00Z,4242.39990234375,4246.0,4230.7001953125,4232.10009765625,8030
2025-12-09T18:00:00Z,4232.10009765625,4238.7998046875,4230.10009765625,4238.2001953125,7839
2025-12-09T19:00:00Z,4237.89990234375,4243.2998046875,4235.7001953125,4241.39990234375,4561
2025-12-09T20:00:00Z,4241.10009765625,4245.10009765625,4238.2001953125,4240.7998046875,4138
2025-12-09T21:00:00Z,4240.89990234375,4241.7998046875,4235.89990234375,4236.60009765625,0
2025-12-09T23:00:00Z,4237.5,4241.2998046875,4235.2998046875,4238.7001953125,1905
2025-12-10T00:00:00Z,4239.0,4240.5,4235.2001953125,4236.89990234375,2256
2025-12-10T01:00:00Z,4237.2001953125,4247.0,4235.39990234375,4243.10009765625,5500
2025-12-10T02:00:00Z,4242.7001953125,4247.89990234375,4240.39990234375,4246.10009765625,2797
2025-12-10T03:00:00Z,4246.0,4246.2998046875,4232.5,4235.0,3831
2025-12-10T04:00:00Z,4234.89990234375,4238.10009765625,4233.7001953125,4235.89990234375,1862
2025-12-10T05:00:00Z,4235.5,4242.60009765625,4229.7001953125,4239.2998046875,4521
2025-12-10T06:00:00Z,4239.0,4239.7001953125,4231.0,4235.10009765625,3791
2025-12-10T07:00:00Z,4235.2001953125,4237.2001953125,4231.10009765625,4231.2001953125,3681
2025-12-10T08:00:00Z,4231.10009765625,4234.7998046875,4224.7998046875,4225.7998046875,6134
2025-12-10T09:00:00Z,4225.60009765625,4228.39990234375,4220.2998046875,4221.7998046875,5706
2025-12-10T10:00:00Z,4222.0,4224.7998046875,4215.2998046875,4221.0,5904
2025-12-10T11:00:00Z,4221.2001953125,4226.0,4220.2998046875,4225.60009765625,3200
2025-12-10T12:00:00Z,4225.5,4230.2998046875,4223.39990234375,4224.5,4788
2025-12-10T13:00:00Z,4224.60009765625,4233.2998046875,4220.89990234375,4228.7998046875,9435
2025-12-10T14:00:00Z,4229.0,4235.2998046875,4219.5,4221.2001953125,12520
2025-12-10T15:00:00Z,4221.0,4230.0,4216.60009765625,4222.10009765625,12929
2025-12-10T16:00:00Z,4222.10009765625,4233.7998046875,4221.39990234375,4233.2001953125,8141
2025-12-10T17:00:00Z,4233.0,4233.10009765625,4224.7998046875,4227.89990234375,5637
2025-12-10T18:00:00Z,4227.89990234375,4228.89990234375,4219.89990234375,4221.89990234375,9539
2025-12-10T19:00:00Z,4221.7998046875,4249.0,4207.7998046875,4245.7001953125,40074
2025-12-10T20:00:00Z,4245.60009765625,4268.7998046875,4240.39990234375,4259.10009765625,22618
2025-12-10T21:00:00Z,4259.10009765625,4262.39990234375,4251.0,4258.2998046875,3772
2025-12-10T23:00:00Z,4258.2998046875,4263.2998046875,4253.5,4261.60009765625,0
2025-12-11T00:00:00Z,4261.7001953125,4274.60009765625,4260.60009765625,4266.5,6624
2025-12-11T01:00:00Z,4266.5,4277.7001953125,4262.10009765625,4267.7001953125,8041
2025-12-11T02:00:00Z,4267.7998046875,4270.2998046875,4248.60009765625,4250.39990234375,7692
2025-12-11T03:00:00Z,4250.2001953125,4253.2001953125,4236.2001953125,4244.60009765625,8855
2025-12-11T04:00:00Z,4244.10009765625,4246.2001953125,4235.7001953125,4241.2001953125,4138
2025-12-11T05:00:00Z,4240.60009765625,4243.5,4233.39990234375,4235.0,3933
2025-12-11T06:00:00Z,4235.2001953125,4242.39990234375,4231.2001953125,4241.5,4290
2025-12-11T07:00:00Z,4241.2998046875,4246.10009765625,4237.2001953125,4243.5,4340
2025-12-11T08:00:00Z,4243.7001953125,4247.39990234375,4240.0,4244.0,3876
2025-12-11T09:00:00Z,4244.0,4248.7998046875,4237.7001953125,4245.60009765625,4605
2025-12-11T10:00:00Z,4245.7001953125,4253.89990234375,4239.39990234375,4244.2001953125,5839
2025-12-11T11:00:00Z,4244.2998046875,4246.7001953125,4236.60009765625,4238.10009765625,3574
2025-12-11T12:00:00Z,4238.10009765625,4248.0,4235.60009765625,4248.0,5151
2025-12-11T13:00:00Z,4248.0,4250.7998046875,4231.89990234375,4248.60009765625,13504
2025-12-11T14:00:00Z,4248.5,4273.39990234375,4245.39990234375,4257.89990234375,26841
2025-12-11T15:00:00Z,4257.89990234375,4291.2001953125,4253.89990234375,4285.2998046875,30001
2025-12-11T16:00:00Z,4285.39990234375,4309.39990234375,4278.89990234375,4304.39990234375,24943
2025-12-11T17:00:00Z,4304.10009765625,4312.2998046875,4302.10009765625,4309.0,14542
2025-12-11T18:00:00Z,4309.2001953125,4317.2998046875,4297.0,4298.60009765625,16879
2025-12-11T19:00:00Z,4298.39990234375,4307.0,4292.60009765625,4302.60009765625,8563
2025-12-11T20:00:00Z,4302.39990234375,4305.0,4293.2001953125,4304.7998046875,7020
2025-12-11T21:00:00Z,4304.89990234375,4313.5,4301.5,4309.2998046875,4156
2025-12-11T23:00:00Z,4309.10009765625,4313.10009765625,4302.7001953125,4305.89990234375,0
2025-12-12T00:00:00Z,4305.7001953125,4310.0,4298.7001953125,4299.60009765625,3885
2025-12-12T01:00:00Z,4299.5,4307.0,4295.5,4302.10009765625,7190
2025-12-12T02:00:00Z,4301.89990234375,4307.60009765625,4300.0,4301.10009765625,3110
2025-12-12T03:00:00Z,4301.0,4305.2998046875,4299.0,4301.2998046875,2576
2025-12-12T04:00:00Z,4301.2998046875,4301.60009765625,4297.10009765625,4297.60009765625,2083
2025-12-12T05:00:00Z,4297.5,4311.2998046875,4297.0,4309.7998046875,3598
2025-12-12T06:00:00Z,4309.89990234375,4313.89990234375,4306.7998046875,4313.60009765625,3662
2025-12-12T07:00:00Z,4313.2001953125,4321.10009765625,4311.60009765625,4317.60009765625,7300
2025-12-12T08:00:00Z,4317.5,4340.7001953125,4317.5,4339.10009765625,12563
2025-12-12T09:00:00Z,4339.39990234375,4352.2998046875,4338.0,4350.2998046875,12722
2025-12-12T10:00:00Z,4350.60009765625,4368.2998046875,4347.10009765625,4365.10009765625,14830
2025-12-12T11:00:00Z,4364.89990234375,4376.5,4361.60009765625,4374.2001953125,13399
2025-12-12T12:00:00Z,4374.39990234375,4376.7998046875,4360.7998046875,4361.10009765625,10705
2025-12-12T13:00:00Z,4361.39990234375,4381.39990234375,4356.5,4375.89990234375,19003
2025-12-12T14:00:00Z,4375.7998046875,4387.7998046875,4363.39990234375,4381.5,24771
2025-12-12T15:00:00Z,4381.2001953125,4384.5,4312.7001953125,4320.10009765625,52322
2025-12-12T16:00:00Z,4320.2998046875,4326.5,4286.0,4312.7998046875,42144
2025-12-12T17:00:00Z,4312.7998046875,4330.10009765625,4301.7998046875,4325.7998046875,15698
2025-12-12T18:00:00Z,4326.10009765625,4336.10009765625,4322.7998046875,4327.5,12867
2025-12-12T19:00:00Z,4327.5,4332.2998046875,4322.10009765625,4328.39990234375,5081
2025-12-12T20:00:00Z,4328.2998046875,4334.7001953125,4319.2001953125,4329.7001953125,8007
2025-12-12T21:00:00Z,4329.7998046875,4335.0,4328.60009765625,4329.7998046875,2367
2025-12-14T23:00:00Z,4337.2998046875,4339.2998046875,4332.60009765625,4333.89990234375,3005
2025-12-15T00:00:00Z,4334.0,4339.7001953125,4331.7998046875,4339.5,2663
2025-12-15T01:00:00Z,4339.7001953125,4357.7998046875,4337.7001953125,4354.60009765625,7526
2025-12-15T02:00:00Z,4354.10009765625,4361.5,4353.5,4358.2998046875,4462
2025-12-15T03:00:00Z,4358.2001953125,4361.7998046875,4351.7998046875,4359.89990234375,4035
2025-12-15T04:00:00Z,4359.5,4363.10009765625,4356.2001953125,4358.89990234375,3204
2025-12-15T05:00:00Z,4359.0,4378.0,4357.7998046875,4377.5,6444
2025-12-15T06:00:00Z,4377.2998046875,4380.5,4372.2001953125,4376.10009765625,4563
2025-12-15T07:00:00Z,4376.10009765625,4377.7998046875,4366.7001953125,4372.39990234375,6472
2025-12-15T08:00:00Z,4372.2001953125,4382.60009765625,4372.0,4380.39990234375,5127
2025-12-15T09:00:00Z,4380.2998046875,4384.2998046875,4375.7001953125,4376.10009765625,5429
2025-12-15T10:00:00Z,4376.2998046875,4382.5,4372.0,4374.0,5970
2025-12-15T11:00:00Z,4373.7998046875,4377.7001953125,4369.39990234375,4376.60009765625,4594
2025-12-15T12:00:00Z,4376.89990234375,4382.60009765625,4376.7998046875,4379.89990234375,4809
2025-12-15T13:00:00Z,4379.89990234375,4380.7001953125,4364.2998046875,4365.7001953125,13370
2025-12-15T14:00:00Z,4365.7001953125,4370.39990234375,4348.7001953125,4355.39990234375,26496
2025-12-15T15:00:00Z,4355.2998046875,4359.7998046875,4342.7998046875,4349.89990234375,24938
2025-12-15T16:00:00Z,4350.0,4350.5,4315.89990234375,4328.2001953125,31113
2025-12-15T17:00:00Z,4328.10009765625,4336.2998046875,4321.2001953125,4334.2998046875,10665
2025-12-15T18:00:00Z,4334.10009765625,4343.2998046875,4329.60009765625,4342.7001953125,9238
2025-12-15T19:00:00Z,4342.5,4347.0,4336.60009765625,4342.89990234375,7200
2025-12-15T20:00:00Z,4342.7998046875,4343.2998046875,4327.89990234375,4333.7001953125,6661
2025-12-15T21:00:00Z,4333.89990234375,4335.10009765625,4329.7001953125,4334.2998046875,2212
2025-12-15T23:00:00Z,4334.2998046875,4339.10009765625,4332.2998046875,4333.10009765625,0
2025-12-16T00:00:00Z,4333.2001953125,4341.89990234375,4332.0,4335.7998046875,3274
2025-12-16T01:00:00Z,4336.0,4345.2998046875,4326.39990234375,4336.2998046875,6630
2025-12-16T02:00:00Z,4336.2001953125,4340.0,4312.60009765625,4316.39990234375,7096
2025-12-16T03:00:00Z,4316.5,4321.5,4307.2001953125,4317.2001953125,9481
2025-12-16T04:00:00Z,4317.2998046875,4318.60009765625,4313.0,4315.10009765625,1788
2025-12-16T05:00:00Z,4315.39990234375,4318.89990234375,4297.39990234375,4309.89990234375,7398
2025-12-16T06:00:00Z,4310.2998046875,4318.39990234375,4308.7001953125,4315.5,3126
2025-12-16T07:00:00Z,4315.60009765625,4315.89990234375,4304.89990234375,4313.39990234375,4797
2025-12-16T08:00:00Z,4313.2998046875,4315.10009765625,4301.0,4311.7998046875,7445
2025-12-16T09:00:00Z,4311.5,4312.60009765625,4303.10009765625,4306.7998046875,4115
2025-12-16T10:00:00Z,4307.2001953125,4311.60009765625,4301.60009765625,4305.10009765625,7371
2025-12-16T11:00:00Z,4304.89990234375,4307.5,4301.2001953125,4306.7998046875,3882
2025-12-16T12:00:00Z,4306.7001953125,4323.39990234375,4304.89990234375,4323.2001953125,7386
2025-12-16T13:00:00Z,4323.0,4343.10009765625,4319.2001953125,4342.5,22895
2025-12-16T14:00:00Z,4342.7001953125,4363.7998046875,4341.0,4356.10009765625,28910
2025-12-16T15:00:00Z,4355.89990234375,4367.89990234375,4344.2998046875,4351.7998046875,24819
2025-12-16T16:00:00Z,4352.10009765625,4355.7001953125,4322.89990234375,4332.0,19088
2025-12-16T17:00:00Z,4332.10009765625,4342.2001953125,4330.39990234375,4333.7998046875,9524
2025-12-16T18:00:00Z,4334.0,4344.2001953125,4328.10009765625,4341.5,10273
2025-12-16T19:00:00Z,4341.7998046875,4346.2001953125,4326.2998046875,4341.39990234375,7933
2025-12-16T20:00:00Z,4341.10009765625,4344.7998046875,4332.5,4334.10009765625,5392
2025-12-16T21:00:00Z,4334.10009765625,4334.89990234375,4329.7001953125,4332.2001953125,1602
2025-12-16T23:00:00Z,4333.5,4337.7001953125,4330.7001953125,4336.89990234375,0
2025-12-17T00:00:00Z,4336.7001953125,4343.60009765625,4336.2998046875,4342.2001953125,2145
2025-12-17T01:00:00Z,4342.0,4355.2998046875,4339.89990234375,4355.0,6698
2025-12-17T02:00:00Z,4355.2998046875,4356.39990234375,4340.0,4343.2998046875,5474
2025-12-17T03:00:00Z,4343.7001953125,4354.39990234375,4341.60009765625,4353.2001953125,4969
2025-12-17T04:00:00Z,4353.5,4361.60009765625,4349.89990234375,4359.7998046875,4357
2025-12-17T05:00:00Z,4359.5,4373.60009765625,4357.5,4364.89990234375,8517
2025-12-17T06:00:00Z,4364.7998046875,4368.7001953125,4355.0,4359.39990234375,5161
2025-12-17T07:00:00Z,4359.2998046875,4359.2998046875,4345.5,4348.10009765625,5607
2025-12-17T08:00:00Z,4347.7998046875,4351.0,4337.89990234375,4348.2998046875,6618
2025-12-17T09:00:00Z,4348.10009765625,4352.60009765625,4344.7001953125,4345.7001953125,3936
2025-12-17T10:00:00Z,4345.39990234375,4351.60009765625,4335.7001953125,4346.10009765625,5829
2025-12-17T11:00:00Z,4346.2998046875,4349.7001953125,4344.2001953125,4345.89990234375,2905
2025-12-17T12:00:00Z,4346.10009765625,4353.7001953125,4344.7001953125,4347.5,5324
2025-12-17T13:00:00Z,4347.7998046875,4375.89990234375,4345.2998046875,4373.60009765625,20217
2025-12-17T14:00:00Z,4373.5,4378.2001953125,4354.10009765625,4369.2998046875,25749
2025-12-17T15:00:00Z,4369.0,4383.60009765625,4355.10009765625,4361.5,32351
2025-12-17T16:00:00Z,4361.7001953125,4370.0,4351.0,4365.2001953125,19093
2025-12-17T17:00:00Z,4365.10009765625,4373.60009765625,4360.2001953125,4373.39990234375,10222
2025-12-17T18:00:00Z,4373.60009765625,4378.5,4360.7001953125,4367.7001953125,14384
2025-12-17T19:00:00Z,4367.60009765625,4373.5,4362.39990234375,4369.2998046875,5780
2025-12-17T20:00:00Z,4369.2998046875,4379.0,4367.2998046875,4373.39990234375,5901
2025-12-17T21:00:00Z,4373.2998046875,4379.39990234375,4370.60009765625,4371.39990234375,0
2025-12-17T23:00:00Z,4371.5,4374.5,4366.89990234375,4371.0,2141
2025-12-18T00:00:00Z,4371.0,4375.10009765625,4365.39990234375,4366.89990234375,2791
2025-12-18T01:00:00Z,4366.89990234375,4369.2998046875,4355.2001953125,4363.2001953125,5745
2025-12-18T02:00:00Z,4363.5,4369.5,4361.10009765625,4364.7001953125,4399
2025-12-18T03:00:00Z,4364.2998046875,4368.0,4361.39990234375,4363.39990234375,2130
2025-12-18T04:00:00Z,4363.60009765625,4364.0,4358.5,4362.0,1988
2025-12-18T05:00:00Z,4361.60009765625,4367.7001953125,4360.7001953125,4363.2001953125,2775
2025-12-18T06:00:00Z,4363.2998046875,4366.7001953125,4360.89990234375,4364.39990234375,2291
2025-12-18T07:00:00Z,4364.0,4368.7001953125,4360.0,4362.60009765625,3813
2025-12-18T08:00:00Z,4362.5,4363.7001953125,4352.2998046875,4357.39990234375,5737
2025-12-18T09:00:00Z,4357.10009765625,4359.39990234375,4351.0,4353.89990234375,5481
2025-12-18T10:00:00Z,4353.89990234375,4359.2998046875,4353.0,4357.2998046875,4890
2025-12-18T11:00:00Z,4357.39990234375,4360.89990234375,4356.60009765625,4357.60009765625,4074
2025-12-18T12:00:00Z,4357.60009765625,4358.7998046875,4348.60009765625,4352.89990234375,5556
2025-12-18T13:00:00Z,4352.7001953125,4375.7001953125,4346.60009765625,4368.5,20449
2025-12-18T14:00:00Z,4368.39990234375,4373.7998046875,4338.0,4360.2001953125,31726
2025-12-18T15:00:00Z,4360.0,4373.89990234375,4356.7001953125,4370.2001953125,21455
2025-12-18T16:00:00Z,4370.0,4409.5,4369.60009765625,4394.60009765625,43425
2025-12-18T17:00:00Z,4394.60009765625,4397.7001953125,4352.60009765625,4365.10009765625,35718
2025-12-18T18:00:00Z,4365.39990234375,4373.7998046875,4357.60009765625,4363.5,10707
2025-12-18T19:00:00Z,4363.39990234375,4367.2998046875,4354.60009765625,4357.2001953125,4950
2025-12-18T20:00:00Z,4357.7998046875,4370.39990234375,4356.7998046875,4365.89990234375,4634
2025-12-18T21:00:00Z,4365.7001953125,4365.7998046875,4359.89990234375,4363.89990234375,1730
2025-12-18T23:00:00Z,4363.60009765625,4368.39990234375,4363.0,4366.5,0
2025-12-19T00:00:00Z,4366.7001953125,4367.2001953125,4355.5,4356.10009765625,2699
2025-12-19T01:00:00Z,4356.2001953125,4357.39990234375,4336.2998046875,4350.5,10454
2025-12-19T02:00:00Z,4350.7998046875,4355.2998046875,4340.60009765625,4344.2001953125,4276
2025-12-19T03:00:00Z,4344.0,4350.60009765625,4339.89990234375,4345.7998046875,4171
2025-12-19T04:00:00Z,4346.0,4351.0,4344.2998046875,4350.7998046875,1627
2025-12-19T05:00:00Z,4350.89990234375,4357.39990234375,4344.89990234375,4354.60009765625,2827
2025-12-19T06:00:00Z,4354.39990234375,4358.0,4349.7001953125,4355.10009765625,2585
2025-12-19T07:00:00Z,4355.0,4357.0,4349.2998046875,4350.39990234375,3719
2025-12-19T08:00:00Z,4350.5,4359.7001953125,4349.2001953125,4355.0,3917
2025-12-19T09:00:00Z,4354.60009765625,4362.39990234375,4352.7998046875,4358.60009765625,3438
2025-12-19T10:00:00Z,4358.39990234375,4360.89990234375,4351.2001953125,4358.0,4695
2025-12-19T11:00:00Z,4358.0,4359.2998046875,4355.0,4357.10009765625,2304
2025-12-19T12:00:00Z,4357.2998046875,4358.0,4349.7998046875,4356.0,6492
2025-12-19T13:00:00Z,4356.2001953125,4367.60009765625,4355.5,4360.0,12966
2025-12-19T14:00:00Z,4359.89990234375,4369.7998046875,4350.7001953125,4363.39990234375,17680
2025-12-19T15:00:00Z,4363.39990234375,4382.5,4363.39990234375,4381.2998046875,25644
2025-12-19T16:00:00Z,4381.2998046875,4388.0,4374.60009765625,4383.7998046875,15099
2025-12-19T17:00:00Z,4383.5,4389.0,4380.89990234375,4386.0,9947
2025-12-19T18:00:00Z,4385.89990234375,4389.0,4375.2998046875,4380.0,11577
2025-12-19T19:00:00Z,4380.2001953125,4382.10009765625,4376.0,4376.2001953125,3905
2025-12-19T20:00:00Z,4376.39990234375,4377.60009765625,4368.0,4370.2998046875,8164
2025-12-19T21:00:00Z,4370.60009765625,4387.2998046875,4367.7998046875,4387.2998046875,1582
2025-12-21T23:00:00Z,4373.2998046875,4386.2001953125,4372.7998046875,4385.2998046875,4151
2025-12-22T00:00:00Z,4385.2998046875,4397.10009765625,4385.2001953125,4396.5,6699
2025-12-22T01:00:00Z,4396.60009765625,4417.5,4391.7001953125,4415.60009765625,13574
2025-12-22T02:00:00Z,4415.39990234375,4421.0,4410.89990234375,4417.60009765625,6774
2025-12-22T03:00:00Z,4417.60009765625,4427.2998046875,4415.89990234375,4425.10009765625,5225
2025-12-22T04:00:00Z,4425.10009765625,4433.7001953125,4423.7001953125,4431.10009765625,5000
2025-12-22T05:00:00Z,4431.0,4442.7998046875,4429.60009765625,4433.5,10799
2025-12-22T06:00:00Z,4433.2998046875,4452.7001953125,4432.10009765625,4452.2001953125,8599
2025-12-22T07:00:00Z,4451.89990234375,4453.0,4442.5,4447.10009765625,6655
2025-12-22T08:00:00Z,4446.89990234375,4448.0,4439.10009765625,4441.2998046875,6614
2025-12-22T09:00:00Z,4441.5,4448.5,4441.0,4444.39990234375,4504
2025-12-22T10:00:00Z,4444.60009765625,4449.60009765625,4439.60009765625,4442.2001953125,6090
2025-12-22T11:00:00Z,4442.39990234375,4445.7001953125,4439.7001953125,4443.7998046875,4127
2025-12-22T12:00:00Z,4443.7001953125,4449.89990234375,4439.5,4449.5,6677
2025-12-22T13:00:00Z,4449.5,4462.2998046875,4445.89990234375,4458.2001953125,17112
2025-12-22T14:00:00Z,4458.39990234375,4465.10009765625,4449.7998046875,4454.60009765625,18827
2025-12-22T15:00:00Z,4454.7998046875,4471.10009765625,4447.2998046875,4467.2001953125,19018
2025-12-22T16:00:00Z,4467.2001953125,4477.7001953125,4463.5,4474.0,15160
2025-12-22T17:00:00Z,4473.7998046875,4477.2998046875,4467.0,4473.39990234375,7944
2025-12-22T18:00:00Z,4473.60009765625,4473.89990234375,4464.60009765625,4470.60009765625,8518
2025-12-22T19:00:00Z,4470.7998046875,4471.39990234375,4464.10009765625,4469.0,4698
2025-12-22T20:00:00Z,4468.89990234375,4473.89990234375,4467.0,4472.5,5601
2025-12-22T21:00:00Z,4472.5,4484.5,4472.5,4480.60009765625,4757
2025-12-22T23:00:00Z,4481.7998046875,4494.2001953125,4479.7998046875,4492.2998046875,0
2025-12-23T00:00:00Z,4492.10009765625,4504.7998046875,4490.60009765625,4504.5,6277
2025-12-23T01:00:00Z,4504.5,4523.0,4502.2001953125,4519.2001953125,16270
2025-12-23T02:00:00Z,4519.5,4530.7998046875,4513.2001953125,4525.5,8308
2025-12-23T03:00:00Z,4525.2001953125,4528.60009765625,4515.39990234375,4519.89990234375,6085
2025-12-23T04:00:00Z,4519.7998046875,4521.89990234375,4510.7001953125,4514.2001953125,3670
2025-12-23T05:00:00Z,4514.5,4518.2998046875,4507.2998046875,4507.39990234375,6094
2025-12-23T06:00:00Z,4507.2001953125,4513.89990234375,4502.60009765625,4513.89990234375,6359
2025-12-23T07:00:00Z,4513.60009765625,4522.2001953125,4510.39990234375,4519.10009765625,4924
2025-12-23T08:00:00Z,4519.10009765625,4524.5,4515.2998046875,4520.7998046875,4691
2025-12-23T09:00:00Z,4520.7998046875,4522.0,4510.0,4512.0,5919
2025-12-23T10:00:00Z,4511.7998046875,4518.60009765625,4511.0,4516.7001953125,4888
2025-12-23T11:00:00Z,4516.7998046875,4526.2998046875,4514.39990234375,4525.7998046875,4870
2025-12-23T12:00:00Z,4525.5,4525.7001953125,4515.2998046875,4518.60009765625,5179
2025-12-23T13:00:00Z,4518.5,4529.2998046875,4503.7001953125,4510.0,19579
2025-12-23T14:00:00Z,4510.2001953125,4510.7998046875,4470.7998046875,4476.7001953125,39357
2025-12-23T15:00:00Z,4475.10009765625,4486.5,4457.7001953125,4485.7998046875,31055
2025-12-23T16:00:00Z,4485.89990234375,4504.10009765625,4482.5,4501.39990234375,17650
2025-12-23T17:00:00Z,4501.60009765625,4507.60009765625,4496.60009765625,4499.89990234375,13799
2025-12-23T18:00:00Z,4500.0,4513.10009765625,4500.0,4512.10009765625,11934
2025-12-23T19:00:00Z,4512.0,4524.60009765625,4511.7001953125,4519.10009765625,9796
2025-12-23T20:00:00Z,4519.2001953125,4526.2001953125,4516.2001953125,4523.7998046875,5818
2025-12-23T21:00:00Z,4523.7998046875,4524.89990234375,4512.5,4515.0,2677
2025-12-23T23:00:00Z,4516.7001953125,4540.60009765625,4512.2001953125,4533.89990234375,0
2025-12-24T00:00:00Z,4534.10009765625,4547.0,4531.2001953125,4539.7001953125,7407
2025-12-24T01:00:00Z,4539.5,4555.10009765625,4534.7998046875,4547.10009765625,11033
2025-12-24T02:00:00Z,4547.2001953125,4547.7001953125,4505.7001953125,4508.2001953125,11755
2025-12-24T03:00:00Z,4509.0,4526.60009765625,4496.5,4521.10009765625,9849
2025-12-24T04:00:00Z,4521.2998046875,4528.7001953125,4518.7998046875,4524.89990234375,3079
2025-12-24T14:30:00Z,4516.10009765625,4518.2001953125,4487.5,4491.89990234375,16651
2025-12-24T15:30:00Z,4491.7998046875,4504.0,4474.2998046875,4484.7998046875,17584
2025-12-24T16:30:00Z,4484.60009765625,4504.7001953125,4482.2001953125,4502.7998046875,10252
2025-12-24T17:30:00Z,4502.7001953125,4513.39990234375,4501.2998046875,4505.60009765625,9061
2025-12-26T05:00:00Z,4538.7998046875,4544.60009765625,4535.7001953125,4540.5,3735
2025-12-26T06:00:00Z,4540.2998046875,4549.7998046875,4537.7998046875,4541.5,5250
2025-12-26T07:00:00Z,4541.5,4545.60009765625,4536.2998046875,4540.60009765625,2616
2025-12-26T08:00:00Z,4540.2998046875,4550.7001953125,4539.0,4549.2998046875,2970
2025-12-26T09:00:00Z,4549.2001953125,4551.39990234375,4541.7998046875,4542.5,3048
2025-12-26T10:00:00Z,4542.39990234375,4554.0,4541.0,4544.10009765625,4359
2025-12-26T11:00:00Z,4544.2998046875,4545.39990234375,4531.2001953125,4538.2001953125,5200
2025-12-26T12:00:00Z,4538.0,4544.7001953125,4535.39990234375,4539.0,3166
2025-12-26T13:00:00Z,4538.7998046875,4562.7001953125,4533.10009765625,4557.2998046875,11504
2025-12-26T14:00:00Z,4557.5,4568.5,4544.0,4552.89990234375,18558
2025-12-26T15:00:00Z,4552.89990234375,4581.10009765625,4551.5,4580.10009765625,20035
2025-12-26T16:00:00Z,4580.2998046875,4584.0,4564.89990234375,4570.2998046875,15044
2025-12-26T17:00:00Z,4570.39990234375,4571.60009765625,4543.39990234375,4552.2001953125,16678
2025-12-26T18:00:00Z,4552.10009765625,4563.89990234375,4547.39990234375,4562.5,10673
2025-12-26T19:00:00Z,4562.39990234375,4567.60009765625,4551.10009765625,4554.89990234375,6300
2025-12-26T20:00:00Z,4554.7998046875,4566.39990234375,4552.5,4560.39990234375,7323
2025-12-26T21:00:00Z,4560.60009765625,4565.89990234375,4552.7001953125,4552.7001953125,3246
2025-12-28T23:00:00Z,4570.5,4571.7998046875,4549.5,4550.89990234375,9145
2025-12-29T00:00:00Z,4551.0,4551.89990234375,4490.2998046875,4516.89990234375,20293
2025-12-29T01:00:00Z,4516.89990234375,4538.10009765625,4511.60009765625,4520.5,10998
2025-12-29T02:00:00Z,4519.60009765625,4539.7001953125,4519.0,4536.7001953125,5975
2025-12-29T03:00:00Z,4536.5,4545.0,4533.7998046875,4541.10009765625,5331
2025-12-29T04:00:00Z,4540.7998046875,4542.5,4531.0,4538.60009765625,3749
2025-12-29T05:00:00Z,4537.60009765625,4541.39990234375,4526.10009765625,4527.0,4518
2025-12-29T06:00:00Z,4528.0,4530.7998046875,4492.10009765625,4496.7001953125,10136
2025-12-29T07:00:00Z,4495.7001953125,4501.2001953125,4463.2998046875,4496.10009765625,17495
2025-12-29T08:00:00Z,4495.7001953125,4510.5,4472.5,4481.10009765625,13212
2025-12-29T09:00:00Z,4481.2001953125,4496.60009765625,4479.5,4493.0,7431
2025-12-29T10:00:00Z,4492.39990234375,4496.0,4479.0,4482.89990234375,7494
2025-12-29T11:00:00Z,4483.10009765625,4489.7001953125,4454.39990234375,4466.2001953125,12298
2025-12-29T12:00:00Z,4466.39990234375,4485.0,4464.60009765625,4484.5,7393
2025-12-29T13:00:00Z,4484.2998046875,4488.7001953125,4426.2001953125,4440.89990234375,24262
2025-12-29T14:00:00Z,4440.60009765625,4440.60009765625,4375.39990234375,4378.60009765625,45745
2025-12-29T15:00:00Z,4378.60009765625,4379.7001953125,4316.0,4343.10009765625,40293
2025-12-29T16:00:00Z,4343.0,4365.60009765625,4341.5,4359.7998046875,15760
2025-12-29T17:00:00Z,4360.2001953125,4361.2001953125,4332.7998046875,4346.2001953125,13005
2025-12-29T18:00:00Z,4346.5,4352.7001953125,4340.2001953125,4349.5,12988
2025-12-29T19:00:00Z,4350.0,4355.60009765625,4346.10009765625,4354.2001953125,5905
2025-12-29T20:00:00Z,4354.39990234375,4362.5,4344.2998046875,4354.2998046875,7505
2025-12-29T21:00:00Z,4354.0,4358.0,4345.7001953125,4350.2001953125,3090
2025-12-29T23:00:00Z,4350.2998046875,4363.2001953125,4338.7998046875,4361.2001953125,0
2025-12-30T00:00:00Z,4361.10009765625,4366.0,4349.7998046875,4354.7001953125,4785
2025-12-30T01:00:00Z,4354.7001953125,4374.7001953125,4339.0,4374.7001953125,8617
2025-12-30T02:00:00Z,4374.7001953125,4378.39990234375,4362.7001953125,4376.2998046875,7049
2025-12-30T03:00:00Z,4376.2001953125,4383.0,4370.5,4373.7998046875,6899
2025-12-30T04:00:00Z,4373.7998046875,4384.0,4371.7001953125,4377.60009765625,3352
2025-12-30T05:00:00Z,4378.2998046875,4394.7001953125,4373.39990234375,4392.0,6040
2025-12-30T06:00:00Z,4392.2001953125,4392.7001953125,4374.7998046875,4379.7001953125,4730
2025-12-30T07:00:00Z,4379.60009765625,4398.5,4374.0,4388.2998046875,6726
2025-12-30T08:00:00Z,4388.60009765625,4390.39990234375,4366.60009765625,4380.7998046875,7577
2025-12-30T09:00:00Z,4381.0,4392.7998046875,4379.7998046875,4387.60009765625,5416
2025-12-30T10:00:00Z,4387.39990234375,4407.5,4383.39990234375,4400.5,6651
2025-12-30T11:00:00Z,4400.7998046875,4406.0,4396.7001953125,4399.60009765625,3816
2025-12-30T12:00:00Z,4399.7998046875,4418.7998046875,4398.7001953125,4417.0,8154
2025-12-30T13:00:00Z,4417.60009765625,4420.5,4391.2001953125,4403.7001953125,15383
2025-12-30T14:00:00Z,4403.60009765625,4407.7001953125,4370.5,4381.39990234375,19701
2025-12-30T15:00:00Z,4381.2998046875,4394.2001953125,4375.39990234375,4381.89990234375,15063
2025-12-30T16:00:00Z,4381.7001953125,4396.10009765625,4371.39990234375,4393.5,10725
2025-12-30T17:00:00Z,4393.60009765625,4397.7998046875,4379.60009765625,4385.5,9272
2025-12-30T18:00:00Z,4385.5,4394.10009765625,4378.0,4380.2001953125,9962
2025-12-30T19:00:00Z,4380.10009765625,4383.5,4352.39990234375,4364.0,8170
2025-12-30T20:00:00Z,4364.0,4370.60009765625,4353.0,4357.5,8301
2025-12-30T21:00:00Z,4358.0,4366.10009765625,4349.2001953125,4352.2998046875,4573
2025-12-30T23:00:00Z,4353.0,4358.89990234375,4338.10009765625,4350.89990234375,0
2025-12-31T00:00:00Z,4351.2998046875,4358.7001953125,4344.7001953125,4354.89990234375,4999
2025-12-31T01:00:00Z,4354.60009765625,4384.89990234375,4348.7001953125,4378.10009765625,8467
2025-12-31T02:00:00Z,4378.10009765625,4383.5,4357.60009765625,4360.5,7052
2025-12-31T03:00:00Z,4361.7998046875,4371.7001953125,4352.5,4360.39990234375,6856
2025-12-31T04:00:00Z,4360.7998046875,4363.5,4342.89990234375,4344.60009765625,3859
